,exp_stage,history,rating,rt,stim_file,stim_index,subjid,stim_acc,stim_freq,reg_rating,stim_repetition,labeled_value,community,structure_coefficient
0,value_rating,"[(None, 0.0), (4.4, 11.347), (4.5, 11.7), (4.6, 11.718), (4.8, 11.734), (5.0, 11.751), (5.1, 11.767), (5.3, 11.784), (5.2, 12.369), (5.1, 12.452), (5.0, 12.9), (4.9, 13.65), (5.0, 14.466), (4.9, 24.013), (4.8, 24.212), (4.9, 25.162), (5.0, 25.196), (5.1, 25.229), (5.0, 26.197), (5.1, 28.563), (5.2, 29.294), (5.3, 29.546), (5.4, 29.761), (5.5, 30.977), (5.5, 31.977)]",5.5,31.977,images/2.png,4,AB,0.859154929577,88,0.278698644601,0,8.86296143461,0,0.0191191787345
1,value_rating,"[(None, 0.0), (5.0, 20.223), (5.0, 21.926)]",5.0,21.926,images/8.png,2,AB,0.919540229885,108,-0.00225223415916,0,9.90846454017,0,0.0191191787345
2,value_rating,"[(None, 0.0), (5.1, 2.064), (5.0, 2.119), (4.9, 2.186), (4.8, 2.25), (4.7, 2.4), (4.6, 2.583), (4.6, 3.833)]",4.6,3.833,images/9.png,8,AB,0.971830985915,95,-0.2125662659,0,1.08503847794,1,0.0191191787345
3,value_rating,"[(None, 0.0), (5.0, 1.53), (5.0, 2.818)]",5.0,2.818,images/11.png,5,AB,0.918918918919,46,-0.00450605455016,0,4.66775983763,2,0.0191191787345
4,value_rating,"[(None, 0.0), (5.3, 1.415), (5.3, 2.436)]",5.3,2.436,images/3.png,9,AB,0.797297297297,94,-0.145691396087,0,1.11560484841,1,0.0191191787345
5,value_rating,"[(None, 0.0), (5.7, 2.38), (5.7, 3.184)]",5.7,3.184,images/1.png,3,AB,0.964705882353,101,0.861587250499,0,9.72714822428,0,0.0191191787345
6,value_rating,"[(None, 0.0), (4.5, 1.147), (4.5, 1.867)]",4.5,1.867,images/4.png,10,AB,0.954545454545,84,-0.375269944403,0,3.11548605754,1,0.0191191787345
7,value_rating,"[(None, 0.0), (4.5, 2.53), (4.6, 2.951), (4.6, 3.85)]",4.6,3.85,images/4.png,10,AB,0.954545454545,84,-0.275269944403,1,3.11548605754,1,0.0191191787345
8,value_rating,"[(None, 0.0), (4.9, 1.18), (5.2, 3.433), (5.2, 4.934)]",5.2,4.934,images/9.png,8,AB,0.971830985915,95,0.3874337341,1,1.08503847794,1,0.0191191787345
9,value_rating,"[(None, 0.0), (5.4, 2.316), (5.5, 2.619), (5.5, 3.502)]",5.5,3.502,images/3.png,9,AB,0.797297297297,94,0.0543086039128,1,1.11560484841,1,0.0191191787345
10,value_rating,"[(None, 0.0), (4.9, 2.428), (4.9, 3.698)]",4.9,3.698,images/8.png,2,AB,0.919540229885,108,-0.102252234159,1,9.90846454017,0,0.0191191787345
11,value_rating,"[(None, 0.0), (5.2, 1.579), (5.3, 1.799), (5.3, 5.281)]",5.3,5.281,images/2.png,4,AB,0.859154929577,88,0.0786986446007,1,8.86296143461,0,0.0191191787345
12,value_rating,"[(None, 0.0), (5.6, 1.779), (5.5, 2.799), (5.4, 2.832), (5.3, 2.984), (5.2, 3.015), (5.1, 3.349), (5.0, 3.415), (4.9, 3.515), (4.8, 3.782), (4.8, 4.598)]",4.8,4.598,images/11.png,5,AB,0.918918918919,46,-0.20450605455,1,4.66775983763,2,0.0191191787345
13,value_rating,"[(None, 0.0), (5.0, 1.562), (5.0, 2.882)]",5.0,2.882,images/1.png,3,AB,0.964705882353,101,0.161587250499,1,9.72714822428,0,0.0191191787345
14,value_rating,"[(None, 0.0), (5.6, 4.712), (5.7, 4.749), (5.8, 4.766), (6.0, 5.598), (5.9, 6.082), (5.8, 6.149), (5.7, 6.198), (5.6, 6.315), (5.5, 6.498), (5.4, 6.581), (5.3, 6.665), (5.4, 7.248), (5.5, 7.331), (5.5, 8.064)]",5.5,8.064,images/3.png,9,AB,0.797297297297,94,0.0543086039128,2,1.11560484841,1,0.0191191787345
15,value_rating,"[(None, 0.0), (4.7, 1.312), (4.6, 1.783), (4.6, 2.784)]",4.6,2.784,images/9.png,8,AB,0.971830985915,95,-0.2125662659,2,1.08503847794,1,0.0191191787345
16,value_rating,"[(None, 0.0), (5.0, 1.1), (5.0, 2.087)]",5.0,2.087,images/11.png,5,AB,0.918918918919,46,-0.00450605455016,2,4.66775983763,2,0.0191191787345
17,value_rating,"[(None, 0.0), (5.1, 1.08), (5.2, 1.134), (5.2, 2.319)]",5.2,2.319,images/2.png,4,AB,0.859154929577,88,-0.0213013553993,2,8.86296143461,0,0.0191191787345
18,value_rating,"[(None, 0.0), (5.3, 0.933), (5.2, 1.057), (5.1, 1.104), (5.0, 1.305), (4.9, 1.587), (4.9, 2.304)]",4.9,2.304,images/8.png,2,AB,0.919540229885,108,-0.102252234159,2,9.90846454017,0,0.0191191787345
19,value_rating,"[(None, 0.0), (5.1, 1.001), (5.0, 1.123), (4.9, 1.139), (4.8, 1.172), (4.7, 1.222), (4.6, 1.322), (4.5, 1.472), (4.5, 2.439)]",4.5,2.439,images/4.png,10,AB,0.954545454545,84,-0.375269944403,2,3.11548605754,1,0.0191191787345
20,value_rating,"[(None, 0.0), (5.0, 1.251), (5.0, 2.087)]",5.0,2.087,images/1.png,3,AB,0.964705882353,101,0.161587250499,2,9.72714822428,0,0.0191191787345
0,value_rating,"[(None, 0.0), (0.6, 29.465), (0.6, 30.81)]",0.6,30.81,images/11.png,10,BS,0.921875,78,-1.25155285491,0,3.11548605754,1,-0.00794653544083
1,value_rating,"[(None, 0.0), (1.3, 5.966), (1.3, 7.025)]",1.3,7.025,images/6.png,8,BS,0.931034482759,79,-0.297700994388,0,1.08503847794,1,-0.00794653544083
2,value_rating,"[(None, 0.0), (1.3, 5.281), (1.3, 6.263)]",1.3,6.263,images/9.png,5,BS,0.9,59,-1.15781082767,0,4.66775983763,2,-0.00794653544083
3,value_rating,"[(None, 0.0), (4.1, 7.101), (4.1, 8.022)]",4.1,8.022,images/5.png,3,BS,0.925,93,2.33505542692,0,9.72714822428,0,-0.00794653544083
4,value_rating,"[(None, 0.0), (6.6, 6.916), (6.6, 8.334)]",6.6,8.334,images/2.png,9,BS,0.821428571429,74,1.96460951506,0,1.11560484841,1,-0.00794653544083
5,value_rating,"[(None, 0.0), (1.9, 3.664), (1.9, 4.482)]",1.9,4.482,images/7.png,4,BS,0.868131868132,113,-1.4410249544,0,8.86296143461,0,-0.00794653544083
6,value_rating,"[(None, 0.0), (1.2, 5.287), (1.1, 5.351), (1.1, 6.305)]",1.1,6.305,images/8.png,2,BS,0.923076923077,118,-0.718241977281,0,9.90846454017,0,-0.00794653544083
7,value_rating,"[(None, 0.0), (1.7, 1.577), (1.7, 2.372)]",1.7,2.372,images/7.png,4,BS,0.868131868132,113,-1.6410249544,1,8.86296143461,0,-0.00794653544083
8,value_rating,"[(None, 0.0), (1.1, 1.148), (1.1, 1.99)]",1.1,1.99,images/9.png,5,BS,0.9,59,-1.35781082767,1,4.66775983763,2,-0.00794653544083
9,value_rating,"[(None, 0.0), (0.2, 3.397), (0.2, 4.211)]",0.2,4.211,images/11.png,10,BS,0.921875,78,-1.65155285491,1,3.11548605754,1,-0.00794653544083
10,value_rating,"[(None, 0.0), (1.5, 2.338), (1.5, 3.155)]",1.5,3.156,images/6.png,8,BS,0.931034482759,79,-0.0977009943883,1,1.08503847794,1,-0.00794653544083
11,value_rating,"[(None, 0.0), (5.6, 1.928), (5.6, 2.59)]",5.6,2.59,images/2.png,9,BS,0.821428571429,74,0.964609515056,1,1.11560484841,1,-0.00794653544083
12,value_rating,"[(None, 0.0), (1.5, 1.671), (1.5, 2.362)]",1.5,2.362,images/8.png,2,BS,0.923076923077,118,-0.318241977281,1,9.90846454017,0,-0.00794653544083
13,value_rating,"[(None, 0.0), (5.8, 1.887), (5.8, 2.568)]",5.8,2.568,images/5.png,3,BS,0.925,93,4.03505542692,1,9.72714822428,0,-0.00794653544083
14,value_rating,"[(None, 0.0), (1.4, 3.902), (1.4, 4.876)]",1.4,4.876,images/6.png,8,BS,0.931034482759,79,-0.197700994388,2,1.08503847794,1,-0.00794653544083
15,value_rating,"[(None, 0.0), (5.6, 1.658), (5.6, 2.306)]",5.6,2.306,images/2.png,9,BS,0.821428571429,74,0.964609515056,2,1.11560484841,1,-0.00794653544083
16,value_rating,"[(None, 0.0), (0.6, 1.556), (0.6, 2.289)]",0.6,2.289,images/11.png,10,BS,0.921875,78,-1.25155285491,2,3.11548605754,1,-0.00794653544083
17,value_rating,"[(None, 0.0), (1.4, 3.89), (1.4, 5.278)]",1.4,5.278,images/9.png,5,BS,0.9,59,-1.05781082767,2,4.66775983763,2,-0.00794653544083
18,value_rating,"[(None, 0.0), (1.9, 1.231), (1.9, 1.962)]",1.9,1.962,images/8.png,2,BS,0.923076923077,118,0.0817580227191,2,9.90846454017,0,-0.00794653544083
19,value_rating,"[(None, 0.0), (1.1, 1.585), (1.1, 2.356)]",1.1,2.356,images/7.png,4,BS,0.868131868132,113,-2.2410249544,2,8.86296143461,0,-0.00794653544083
20,value_rating,"[(None, 0.0), (6.1, 2.042), (6.1, 3.693)]",6.1,3.693,images/5.png,3,BS,0.925,93,4.33505542692,2,9.72714822428,0,-0.00794653544083
0,value_rating,"[(None, 0.0), (1.0, 18.134), (1.0, 19.392)]",1.0,19.392,images/2.png,3,CCT,0.880952380952,111,-3.08364265132,0,9.72714822428,0,-0.0403676646369
1,value_rating,"[(None, 0.0), (2.4, 6.315), (2.4, 9.392)]",2.4,9.393,images/8.png,9,CCT,0.970588235294,76,-2.02899315508,0,1.11560484841,1,-0.0403676646369
2,value_rating,"[(None, 0.0), (3.1, 6.632), (3.1, 8.593)]",3.1,8.593,images/7.png,4,CCT,0.95,113,-1.24967046125,0,8.86296143461,0,-0.0403676646369
3,value_rating,"[(None, 0.0), (1.3, 10.505), (1.3, 11.725)]",1.3,11.725,images/4.png,8,CCT,0.675,86,-1.99014590792,0,1.08503847794,1,-0.0403676646369
4,value_rating,"[(None, 0.0), (3.5, 3.961), (3.5, 5.059)]",3.5,5.059,images/3.png,5,CCT,0.675,56,0.209854092078,0,4.66775983763,2,-0.0403676646369
5,value_rating,"[(None, 0.0), (5.0, 3.677), (5.0, 5.867)]",5.0,5.867,images/6.png,2,CCT,0.847058823529,115,1.04694300791,0,9.90846454017,0,-0.0403676646369
6,value_rating,"[(None, 0.0), (2.5, 3.408), (2.5, 5.794)]",2.5,5.794,images/9.png,10,CCT,0.912280701754,68,-1.70434492443,0,3.11548605754,1,-0.0403676646369
7,value_rating,"[(None, 0.0), (4.5, 8.602), (4.5, 9.346)]",4.5,9.346,images/4.png,8,CCT,0.675,86,1.20985409208,1,1.08503847794,1,-0.0403676646369
8,value_rating,"[(None, 0.0), (5.6, 7.979), (5.6, 13.267)]",5.6,13.267,images/2.png,3,CCT,0.880952380952,111,1.51635734868,1,9.72714822428,0,-0.0403676646369
9,value_rating,"[(None, 0.0), (5.2, 5.995), (5.2, 7.158)]",5.2,7.158,images/7.png,4,CCT,0.95,113,0.850329538754,1,8.86296143461,0,-0.0403676646369
10,value_rating,"[(None, 0.0), (6.3, 2.867), (6.3, 4.829)]",6.3,4.829,images/6.png,2,CCT,0.847058823529,115,2.34694300791,1,9.90846454017,0,-0.0403676646369
11,value_rating,"[(None, 0.0), (4.8, 1.629), (4.8, 2.495)]",4.8,2.495,images/9.png,10,CCT,0.912280701754,68,0.595655075574,1,3.11548605754,1,-0.0403676646369
12,value_rating,"[(None, 0.0), (2.4, 2.692), (2.4, 3.572)]",2.4,3.572,images/3.png,5,CCT,0.675,56,-0.890145907922,1,4.66775983763,2,-0.0403676646369
13,value_rating,"[(None, 0.0), (5.2, 2.12), (5.2, 2.9)]",5.2,2.9,images/8.png,9,CCT,0.970588235294,76,0.771006844923,1,1.11560484841,1,-0.0403676646369
14,value_rating,"[(None, 0.0), (5.8, 1.851), (5.8, 2.613)]",5.8,2.613,images/7.png,4,CCT,0.95,113,1.45032953875,2,8.86296143461,0,-0.0403676646369
15,value_rating,"[(None, 0.0), (5.1, 2.502), (5.1, 3.165)]",5.1,3.165,images/6.png,2,CCT,0.847058823529,115,1.14694300791,2,9.90846454017,0,-0.0403676646369
16,value_rating,"[(None, 0.0), (3.3, 2.291), (3.3, 3.912)]",3.3,3.912,images/3.png,5,CCT,0.675,56,0.00985409207826,2,4.66775983763,2,-0.0403676646369
17,value_rating,"[(None, 0.0), (6.0, 1.022), (3.6, 1.918), (3.6, 2.931)]",3.6,2.931,images/2.png,3,CCT,0.880952380952,111,-0.48364265132,2,9.72714822428,0,-0.0403676646369
18,value_rating,"[(None, 0.0), (7.3, 9.392), (7.3, 12.148)]",7.3,12.148,images/9.png,10,CCT,0.912280701754,68,3.09565507557,2,3.11548605754,1,-0.0403676646369
19,value_rating,"[(None, 0.0), (3.0, 1.54), (3.0, 2.167)]",3.0,2.167,images/4.png,8,CCT,0.675,86,-0.290145907922,2,1.08503847794,1,-0.0403676646369
20,value_rating,"[(None, 0.0), (1.9, 1.658), (1.9, 2.423)]",1.9,2.423,images/8.png,9,CCT,0.970588235294,76,-2.52899315508,2,1.11560484841,1,-0.0403676646369
0,value_rating,"[(None, 0.0), (3.2, 6.396), (3.2, 8.7)]",3.2,8.7,images/11.png,5,HYC,1.0,60,-2.01515179154,0,4.66775983763,2,-0.0207906221874
1,value_rating,"[(None, 0.0), (3.4, 3.849), (3.3, 4.985), (3.2, 5.052), (3.3, 5.934), (3.4, 5.952), (3.7, 5.968), (3.8, 5.985), (4.0, 6.002), (4.1, 6.018), (4.2, 6.035), (4.3, 6.068), (4.4, 6.151), (4.3, 6.334), (4.2, 6.518), (4.1, 6.619), (4.0, 6.734), (4.0, 8.503)]",4.0,8.503,images/2.png,2,HYC,0.957142857143,92,-0.511499370037,0,9.90846454017,0,-0.0207906221874
2,value_rating,"[(None, 0.0), (3.3, 4.429), (3.3, 5.866)]",3.3,5.866,images/8.png,8,HYC,0.96511627907,106,-1.34241144846,0,1.08503847794,1,-0.0207906221874
3,value_rating,"[(None, 0.0), (5.8, 2.828), (5.9, 3.749), (6.0, 3.883), (6.0, 4.798)]",6.0,4.798,images/9.png,4,HYC,0.9625,99,1.40054407728,0,8.86296143461,0,-0.0207906221874
4,value_rating,"[(None, 0.0), (6.1, 4.032), (6.2, 4.103), (6.3, 4.153), (6.4, 4.17), (6.4, 5.967)]",6.4,5.968,images/5.png,10,HYC,0.971830985915,90,1.6473427578,0,3.11548605754,1,-0.0207906221874
5,value_rating,"[(None, 0.0), (2.2, 3.462), (2.2, 5.314)]",2.2,5.314,images/3.png,3,HYC,0.852941176471,87,-0.600658188344,0,9.72714822428,0,-0.0207906221874
6,value_rating,"[(None, 0.0), (3.7, 3.529), (3.7, 4.584)]",3.7,4.585,images/6.png,9,HYC,0.957142857143,85,-0.811499370037,0,1.11560484841,1,-0.0207906221874
7,value_rating,"[(None, 0.0), (4.2, 4.365), (4.3, 4.902), (4.4, 5.02), (4.5, 5.037), (4.6, 5.054), (4.7, 5.085), (4.8, 5.121), (4.8, 6.817)]",4.8,6.817,images/2.png,2,HYC,0.957142857143,92,0.288500629963,1,9.90846454017,0,-0.0207906221874
8,value_rating,"[(None, 0.0), (5.7, 1.546), (6.2, 2.999), (6.2, 3.749)]",6.2,3.749,images/9.png,4,HYC,0.9625,99,1.60054407728,1,8.86296143461,0,-0.0207906221874
9,value_rating,"[(None, 0.0), (4.3, 3.494), (4.3, 4.816)]",4.3,4.816,images/11.png,5,HYC,1.0,60,-0.91515179154,1,4.66775983763,2,-0.0207906221874
10,value_rating,"[(None, 0.0), (5.3, 1.815), (5.3, 3.635)]",5.3,3.635,images/5.png,10,HYC,0.971830985915,90,0.547342757805,1,3.11548605754,1,-0.0207906221874
11,value_rating,"[(None, 0.0), (4.9, 3.247), (4.8, 4.051), (4.7, 4.101), (4.6, 4.217), (4.6, 6.267)]",4.6,6.267,images/6.png,9,HYC,0.957142857143,85,0.0885006299631,1,1.11560484841,1,-0.0207906221874
12,value_rating,"[(None, 0.0), (2.8, 1.618), (2.8, 2.305)]",2.8,2.305,images/3.png,3,HYC,0.852941176471,87,-0.000658188343567,1,9.72714822428,0,-0.0207906221874
13,value_rating,"[(None, 0.0), (4.5, 1.475), (4.5, 2.745)]",4.5,2.745,images/8.png,8,HYC,0.96511627907,106,-0.142411448456,1,1.08503847794,1,-0.0207906221874
14,value_rating,"[(None, 0.0), (4.1, 1.745), (4.2, 4.465), (4.3, 4.514), (4.4, 4.58), (4.5, 4.614), (4.6, 4.697), (4.5, 4.88), (4.4, 4.914), (4.3, 4.963), (4.2, 5.03), (4.1, 5.113), (4.1, 5.98)]",4.1,5.98,images/2.png,2,HYC,0.957142857143,92,-0.411499370037,2,9.90846454017,0,-0.0207906221874
15,value_rating,"[(None, 0.0), (5.6, 1.346), (5.5, 1.417), (5.6, 1.834), (6.0, 2.234), (6.1, 2.417), (6.2, 2.467), (6.2, 3.317)]",6.2,3.317,images/9.png,4,HYC,0.9625,99,1.60054407728,2,8.86296143461,0,-0.0207906221874
16,value_rating,"[(None, 0.0), (4.3, 2.3), (4.4, 3.237), (4.5, 3.303), (4.6, 3.37), (4.7, 3.42), (4.8, 3.536), (4.7, 4.106), (4.8, 4.653), (4.9, 4.786), (4.9, 5.419)]",4.9,5.419,images/6.png,9,HYC,0.957142857143,85,0.388500629963,2,1.11560484841,1,-0.0207906221874
17,value_rating,"[(None, 0.0), (4.5, 2.128), (4.4, 2.581), (4.3, 2.714), (4.3, 4.614)]",4.3,4.614,images/8.png,8,HYC,0.96511627907,106,-0.342411448456,2,1.08503847794,1,-0.0207906221874
18,value_rating,"[(None, 0.0), (6.7, 2.096), (6.5, 2.933), (6.4, 3.133), (6.3, 3.2), (6.2, 3.25), (6.1, 3.3), (6.0, 3.333), (5.9, 3.35), (5.8, 3.4), (5.9, 3.85), (6.0, 3.883), (6.1, 3.966), (6.2, 4.066), (6.1, 4.766), (6.0, 4.799), (5.9, 4.85), (5.8, 4.866), (5.7, 4.916), (5.6, 4.966), (5.5, 4.999), (5.4, 5.067), (5.4, 6.015)]",5.4,6.015,images/5.png,10,HYC,0.971830985915,90,0.647342757805,2,3.11548605754,1,-0.0207906221874
19,value_rating,"[(None, 0.0), (4.8, 1.314), (4.7, 1.734), (4.6, 1.85), (4.5, 1.9), (4.4, 2.1), (4.5, 3.766), (4.6, 4.484), (4.7, 4.584), (4.8, 4.617), (4.7, 5.282), (5.0, 8.348), (4.9, 8.814), (4.8, 8.864), (4.7, 8.931), (4.6, 9.014), (4.5, 9.064), (4.5, 9.981)]",4.5,9.981,images/11.png,5,HYC,1.0,60,-0.71515179154,2,4.66775983763,2,-0.0207906221874
20,value_rating,"[(None, 0.0), (2.6, 2.045), (2.3, 3.881), (2.4, 4.198), (2.4, 5.215)]",2.4,5.215,images/3.png,3,HYC,0.852941176471,87,-0.400658188344,2,9.72714822428,0,-0.0207906221874
0,value_rating,"[(None, 0.0), (3.9, 51.245), (3.9, 52.583)]",3.9,52.583,images/10.png,8,JCH,0.5,82,-2.06118352422,0,1.08503847794,1,0.0141997154864
1,value_rating,"[(None, 0.0), (3.3, 1.571), (3.3, 2.708)]",3.3,2.708,images/6.png,10,JCH,0.283018867925,74,-2.00842337272,0,3.11548605754,1,0.0141997154864
2,value_rating,"[(None, 0.0), (2.8, 2.324), (2.8, 3.111)]",2.8,3.111,images/5.png,5,JCH,0.52,60,-3.22135098167,0,4.66775983763,2,0.0141997154864
3,value_rating,"[(None, 0.0), (3.4, 1.566), (3.4, 2.37)]",3.4,2.37,images/7.png,3,JCH,0.483516483516,108,-2.5115949604,0,9.72714822428,0,0.0141997154864
4,value_rating,"[(None, 0.0), (3.4, 2.317), (3.4, 4.103)]",3.4,4.103,images/3.png,2,JCH,0.367816091954,104,-2.16352504113,0,9.90846454017,0,0.0141997154864
5,value_rating,"[(None, 0.0), (6.8, 6.38), (6.7, 6.417), (6.7, 7.153)]",6.7,7.153,images/1.png,9,JCH,0.678571428571,79,0.201607034321,0,1.11560484841,1,0.0141997154864
6,value_rating,"[(None, 0.0), (6.9, 1.736), (6.9, 2.74)]",6.9,2.74,images/11.png,4,JCH,0.480392156863,119,0.997804179151,0,8.86296143461,0,0.0141997154864
7,value_rating,"[(None, 0.0), (7.7, 1.201), (7.7, 1.971)]",7.7,1.971,images/3.png,2,JCH,0.367816091954,104,2.13647495887,1,9.90846454017,0,0.0141997154864
8,value_rating,"[(None, 0.0), (6.7, 1.25), (6.7, 1.804)]",6.7,1.804,images/5.png,5,JCH,0.52,60,0.678649018332,1,4.66775983763,2,0.0141997154864
9,value_rating,"[(None, 0.0), (6.5, 1.084), (6.5, 1.789)]",6.5,1.789,images/7.png,3,JCH,0.483516483516,108,0.588405039602,1,9.72714822428,0,0.0141997154864
10,value_rating,"[(None, 0.0), (6.8, 1.424), (6.8, 2.061)]",6.8,2.061,images/6.png,10,JCH,0.283018867925,74,1.49157662728,1,3.11548605754,1,0.0141997154864
11,value_rating,"[(None, 0.0), (7.0, 1.432), (7.0, 2.119)]",7.0,2.119,images/11.png,4,JCH,0.480392156863,119,1.09780417915,1,8.86296143461,0,0.0141997154864
12,value_rating,"[(None, 0.0), (2.1, 1.601), (2.1, 2.188)]",2.1,2.188,images/10.png,8,JCH,0.5,82,-3.86118352422,1,1.08503847794,1,0.0141997154864
13,value_rating,"[(None, 0.0), (7.6, 1.079), (7.6, 1.783)]",7.6,1.783,images/1.png,9,JCH,0.678571428571,79,1.10160703432,1,1.11560484841,1,0.0141997154864
14,value_rating,"[(None, 0.0), (7.4, 7.632), (7.4, 8.203)]",7.4,8.203,images/1.png,9,JCH,0.678571428571,79,0.901607034321,2,1.11560484841,1,0.0141997154864
15,value_rating,"[(None, 0.0), (6.7, 1.153), (6.7, 1.806)]",6.7,1.806,images/6.png,10,JCH,0.283018867925,74,1.39157662728,2,3.11548605754,1,0.0141997154864
16,value_rating,"[(None, 0.0), (6.6, 2.083), (6.6, 3.036)]",6.6,3.036,images/3.png,2,JCH,0.367816091954,104,1.03647495887,2,9.90846454017,0,0.0141997154864
17,value_rating,"[(None, 0.0), (7.1, 5.159), (7.2, 5.629), (7.0, 5.729), (6.8, 5.745), (6.4, 5.762), (6.1, 5.779), (5.9, 5.795), (5.6, 5.812), (5.4, 5.829), (5.3, 5.862), (5.4, 6.029), (5.6, 6.045), (5.9, 6.062), (6.6, 6.079), (7.5, 6.095), (7.9, 6.112), (8.2, 6.129), (8.3, 6.145), (8.2, 6.245), (8.0, 6.262), (7.3, 6.278), (6.4, 6.295), (5.6, 6.312), (4.7, 6.329), (3.9, 6.345), (3.2, 6.362), (3.4, 6.462), (3.9, 6.478), (4.7, 6.495), (5.5, 6.512), (6.3, 6.528), (6.7, 6.545), (6.9, 6.562), (6.8, 6.662), (6.7, 6.679), (6.6, 6.695), (6.5, 6.712), (6.6, 6.778), (6.7, 6.812), (6.9, 6.828), (7.0, 6.895), (7.0, 8.295)]",7.0,8.295,images/11.png,4,JCH,0.480392156863,119,1.09780417915,2,8.86296143461,0,0.0141997154864
18,value_rating,"[(None, 0.0), (6.7, 1.166), (6.7, 2.236)]",6.7,2.236,images/10.png,8,JCH,0.5,82,0.738816475775,2,1.08503847794,1,0.0141997154864
19,value_rating,"[(None, 0.0), (6.9, 1.814), (6.9, 2.268)]",6.9,2.268,images/7.png,3,JCH,0.483516483516,108,0.988405039602,2,9.72714822428,0,0.0141997154864
20,value_rating,"[(None, 0.0), (7.4, 1.233), (7.4, 1.936)]",7.4,1.936,images/5.png,5,JCH,0.52,60,1.37864901833,2,4.66775983763,2,0.0141997154864
0,value_rating,"[(None, 0.0), (4.5, 19.848), (4.6, 20.645), (4.7, 20.711), (4.8, 20.779), (4.9, 20.846), (5.0, 21.147), (5.1, 21.215), (5.0, 21.685), (4.9, 21.944), (5.0, 23.276), (5.1, 23.445), (5.1, 24.855)]",5.1,24.855,images/4.png,4,JTL,0.936170212766,108,-0.179233147801,0,8.86296143461,0,0.0246293678849
1,value_rating,"[(None, 0.0), (5.2, 2.829), (5.2, 4.874)]",5.2,4.874,images/6.png,10,JTL,0.957746478873,88,-0.0891866375277,0,3.11548605754,1,0.0246293678849
2,value_rating,"[(None, 0.0), (5.3, 2.196), (5.3, 3.581)]",5.3,3.581,images/1.png,3,JTL,0.858695652174,112,0.0565071530966,0,9.72714822428,0,0.0246293678849
3,value_rating,"[(None, 0.0), (5.5, 3.061), (5.5, 3.888)]",5.5,3.888,images/5.png,8,JTL,0.921875,80,0.227361471152,0,1.08503847794,1,0.0246293678849
4,value_rating,"[(None, 0.0), (6.0, 1.846), (6.0, 2.577)]",6.0,2.577,images/9.png,9,JTL,0.885714285714,92,0.744043008928,0,1.11560484841,1,0.0246293678849
5,value_rating,"[(None, 0.0), (5.9, 6.776), (5.9, 7.647)]",5.9,7.647,images/3.png,2,JTL,0.972602739726,96,0.603959922723,0,9.90846454017,0,0.0246293678849
6,value_rating,"[(None, 0.0), (5.3, 3.755), (5.3, 4.64)]",5.3,4.641,images/7.png,5,JTL,0.901960784314,61,0.0365482294287,0,4.66775983763,2,0.0246293678849
7,value_rating,"[(None, 0.0), (5.2, 1.592), (5.2, 2.91)]",5.2,2.91,images/4.png,4,JTL,0.936170212766,108,-0.0792331478012,1,8.86296143461,0,0.0246293678849
8,value_rating,"[(None, 0.0), (5.1, 1.88), (5.1, 2.625)]",5.1,2.625,images/1.png,3,JTL,0.858695652174,112,-0.143492846903,1,9.72714822428,0,0.0246293678849
9,value_rating,"[(None, 0.0), (5.1, 1.358), (5.1, 2.159)]",5.1,2.159,images/9.png,9,JTL,0.885714285714,92,-0.155956991072,1,1.11560484841,1,0.0246293678849
10,value_rating,"[(None, 0.0), (5.2, 1.481), (5.2, 2.919)]",5.2,2.919,images/5.png,8,JTL,0.921875,80,-0.0726385288482,1,1.08503847794,1,0.0246293678849
11,value_rating,"[(None, 0.0), (5.2, 1.504), (5.2, 2.655)]",5.2,2.655,images/6.png,10,JTL,0.957746478873,88,-0.0891866375277,1,3.11548605754,1,0.0246293678849
12,value_rating,"[(None, 0.0), (5.2, 1.52), (5.2, 2.348)]",5.2,2.348,images/7.png,5,JTL,0.901960784314,61,-0.0634517705713,1,4.66775983763,2,0.0246293678849
13,value_rating,"[(None, 0.0), (5.2, 8.726), (5.2, 9.677)]",5.2,9.677,images/3.png,2,JTL,0.972602739726,96,-0.0960400772767,1,9.90846454017,0,0.0246293678849
14,value_rating,"[(None, 0.0), (5.2, 3.181), (5.2, 4.435)]",5.2,4.435,images/3.png,2,JTL,0.972602739726,96,-0.0960400772767,2,9.90846454017,0,0.0246293678849
15,value_rating,"[(None, 0.0), (5.1, 1.6), (5.1, 2.868)]",5.1,2.868,images/6.png,10,JTL,0.957746478873,88,-0.189186637528,2,3.11548605754,1,0.0246293678849
16,value_rating,"[(None, 0.0), (5.1, 2.798), (5.1, 3.681)]",5.1,3.681,images/1.png,3,JTL,0.858695652174,112,-0.143492846903,2,9.72714822428,0,0.0246293678849
17,value_rating,"[(None, 0.0), (5.2, 1.408), (5.2, 2.216)]",5.2,2.216,images/9.png,9,JTL,0.885714285714,92,-0.0559569910715,2,1.11560484841,1,0.0246293678849
18,value_rating,"[(None, 0.0), (5.2, 1.379), (5.2, 2.168)]",5.2,2.169,images/5.png,8,JTL,0.921875,80,-0.0726385288482,2,1.08503847794,1,0.0246293678849
19,value_rating,"[(None, 0.0), (5.2, 1.631), (5.2, 2.532)]",5.2,2.533,images/7.png,5,JTL,0.901960784314,61,-0.0634517705713,2,4.66775983763,2,0.0246293678849
20,value_rating,"[(None, 0.0), (5.2, 1.865), (5.2, 3.113)]",5.2,3.113,images/4.png,4,JTL,0.936170212766,108,-0.0792331478012,2,8.86296143461,0,0.0246293678849
0,value_rating,"[(None, 0.0), (8.0, 25.482), (7.0, 49.011), (7.0, 50.545)]",7.0,50.545,images/10.png,3,KL,1.0,88,1.0534869831,0,9.72714822428,0,0.0117729431803
1,value_rating,"[(None, 0.0), (8.0, 3.835), (4.0, 9.803), (4.0, 10.552)]",4.0,10.552,images/5.png,2,KL,0.953125,84,-1.0826029854,0,9.90846454017,0,0.0117729431803
2,value_rating,"[(None, 0.0), (2.0, 5.148), (2.0, 6.019)]",2.0,6.019,images/7.png,8,KL,0.813953488372,111,-0.517660798864,0,1.08503847794,1,0.0117729431803
3,value_rating,"[(None, 0.0), (0.5, 3.116), (0.5, 4.621)]",0.5,4.621,images/4.png,9,KL,0.792207792208,97,-1.61688586429,0,1.11560484841,1,0.0117729431803
4,value_rating,"[(None, 0.0), (0.7, 4.066), (0.7, 4.919)]",0.7,4.919,images/3.png,10,KL,0.768292682927,103,-0.976128470962,0,3.11548605754,1,0.0117729431803
5,value_rating,"[(None, 0.0), (2.3, 2.882), (2.3, 3.787)]",2.3,3.787,images/6.png,4,KL,0.722222222222,87,1.47295383642,0,8.86296143461,0,0.0117729431803
6,value_rating,"[(None, 0.0), (5.5, 3.806), (5.5, 4.542)]",5.5,4.542,images/2.png,5,KL,0.789473684211,46,3.43350396667,0,4.66775983763,2,0.0117729431803
7,value_rating,"[(None, 0.0), (5.5, 2.85), (5.5, 3.703)]",5.5,3.703,images/2.png,5,KL,0.789473684211,46,3.43350396667,1,4.66775983763,2,0.0117729431803
8,value_rating,"[(None, 0.0), (6.5, 2.982), (6.5, 3.737)]",6.5,3.737,images/5.png,2,KL,0.953125,84,1.4173970146,1,9.90846454017,0,0.0117729431803
9,value_rating,"[(None, 0.0), (1.8, 2.336), (1.8, 3.158)]",1.8,3.158,images/6.png,4,KL,0.722222222222,87,0.972953836418,1,8.86296143461,0,0.0117729431803
10,value_rating,"[(None, 0.0), (0.7, 4.168), (0.7, 4.888)]",0.7,4.888,images/3.png,10,KL,0.768292682927,103,-0.976128470962,1,3.11548605754,1,0.0117729431803
11,value_rating,"[(None, 0.0), (0.7, 5.981), (0.7, 6.667)]",0.7,6.667,images/4.png,9,KL,0.792207792208,97,-1.41688586429,1,1.11560484841,1,0.0117729431803
12,value_rating,"[(None, 0.0), (6.3, 4.197), (6.3, 5.434)]",6.3,5.434,images/10.png,3,KL,1.0,88,0.353486983098,1,9.72714822428,0,0.0117729431803
13,value_rating,"[(None, 0.0), (0.8, 4.798), (0.8, 5.753)]",0.8,5.753,images/7.png,8,KL,0.813953488372,111,-1.71766079886,1,1.08503847794,1,0.0117729431803
14,value_rating,"[(None, 0.0), (0.7, 4.614), (0.7, 5.684)]",0.7,5.684,images/2.png,5,KL,0.789473684211,46,-1.36649603333,2,4.66775983763,2,0.0117729431803
15,value_rating,"[(None, 0.0), (5.0, 3.148), (5.0, 3.754)]",5.0,3.754,images/10.png,3,KL,1.0,88,-0.946513016902,2,9.72714822428,0,0.0117729431803
16,value_rating,"[(None, 0.0), (0.8, 1.722), (0.8, 2.759)]",0.8,2.759,images/3.png,10,KL,0.768292682927,103,-0.876128470962,2,3.11548605754,1,0.0117729431803
17,value_rating,"[(None, 0.0), (2.4, 8.247), (2.4, 8.917)]",2.4,8.917,images/4.png,9,KL,0.792207792208,97,0.283114135712,2,1.11560484841,1,0.0117729431803
18,value_rating,"[(None, 0.0), (5.6, 1.698), (5.6, 2.318)]",5.6,2.318,images/5.png,2,KL,0.953125,84,0.517397014596,2,9.90846454017,0,0.0117729431803
19,value_rating,"[(None, 0.0), (1.2, 3.45), (1.2, 4.37)]",1.2,4.37,images/6.png,4,KL,0.722222222222,87,0.372953836418,2,8.86296143461,0,0.0117729431803
20,value_rating,"[(None, 0.0), (0.7, 1.65), (0.7, 2.519)]",0.7,2.519,images/7.png,8,KL,0.813953488372,111,-1.81766079886,2,1.08503847794,1,0.0117729431803
0,value_rating,"[(None, 0.0), (1.2, 7.118), (2.0, 9.472), (2.0, 10.306)]",2.0,10.306,images/6.png,3,LV,0.839285714286,71,-0.90789183691,0,9.72714822428,0,-0.029136312941
1,value_rating,"[(None, 0.0), (2.0, 4.132), (2.0, 6.218)]",2.0,6.218,images/2.png,8,LV,0.71,127,-0.859214161806,0,1.08503847794,1,-0.029136312941
2,value_rating,"[(None, 0.0), (1.5, 2.561), (1.5, 3.567)]",1.5,3.567,images/1.png,5,LV,0.727272727273,56,-1.36571755788,0,4.66775983763,2,-0.029136312941
3,value_rating,"[(None, 0.0), (3.0, 5.582), (3.5, 7.817), (3.5, 8.9)]",3.5,8.9,images/5.png,2,LV,0.8,62,0.606899721823,0,9.90846454017,0,-0.029136312941
4,value_rating,"[(None, 0.0), (3.0, 2.528), (3.0, 3.398)]",3.0,3.398,images/7.png,9,LV,0.822222222222,109,0.0985327795094,0,1.11560484841,1,-0.029136312941
5,value_rating,"[(None, 0.0), (3.4, 2.112), (3.4, 3.682)]",3.4,3.682,images/8.png,10,LV,0.689655172414,107,0.54844591814,0,3.11548605754,1,-0.029136312941
6,value_rating,"[(None, 0.0), (3.5, 2.762), (3.5, 3.503)]",3.5,3.503,images/4.png,4,LV,0.785714285714,67,0.612278470454,0,8.86296143461,0,-0.029136312941
7,value_rating,"[(None, 0.0), (3.5, 4.642), (2.5, 6.761), (2.5, 7.561)]",2.5,7.561,images/6.png,3,LV,0.839285714286,71,-0.40789183691,1,9.72714822428,0,-0.029136312941
8,value_rating,"[(None, 0.0), (2.5, 2.596), (2.5, 3.368)]",2.5,3.368,images/1.png,5,LV,0.727272727273,56,-0.365717557877,1,4.66775983763,2,-0.029136312941
9,value_rating,"[(None, 0.0), (2.6, 3.265), (2.6, 4.77)]",2.6,4.77,images/8.png,10,LV,0.689655172414,107,-0.25155408186,1,3.11548605754,1,-0.029136312941
10,value_rating,"[(None, 0.0), (5.0, 5.501), (5.0, 6.587)]",5.0,6.587,images/5.png,2,LV,0.8,62,2.10689972182,1,9.90846454017,0,-0.029136312941
11,value_rating,"[(None, 0.0), (4.9, 6.076), (5.0, 6.097), (5.0, 6.946)]",5.0,6.946,images/2.png,8,LV,0.71,127,2.14078583819,1,1.08503847794,1,-0.029136312941
12,value_rating,"[(None, 0.0), (2.5, 2.762), (2.5, 4.449)]",2.5,4.449,images/4.png,4,LV,0.785714285714,67,-0.387721529546,1,8.86296143461,0,-0.029136312941
13,value_rating,"[(None, 0.0), (2.4, 1.262), (2.5, 1.316), (2.5, 2.249)]",2.5,2.249,images/7.png,9,LV,0.822222222222,109,-0.401467220491,1,1.11560484841,1,-0.029136312941
14,value_rating,"[(None, 0.0), (2.4, 2.479), (2.4, 3.649)]",2.4,3.649,images/7.png,9,LV,0.822222222222,109,-0.501467220491,2,1.11560484841,1,-0.029136312941
15,value_rating,"[(None, 0.0), (2.6, 2.029), (2.6, 3.183)]",2.6,3.183,images/2.png,8,LV,0.71,127,-0.259214161806,2,1.08503847794,1,-0.029136312941
16,value_rating,"[(None, 0.0), (2.0, 3.279), (2.0, 4.252)]",2.0,4.252,images/1.png,5,LV,0.727272727273,56,-0.865717557877,2,4.66775983763,2,-0.029136312941
17,value_rating,"[(None, 0.0), (2.5, 1.826), (2.5, 4.23)]",2.5,4.23,images/8.png,10,LV,0.689655172414,107,-0.35155408186,2,3.11548605754,1,-0.029136312941
18,value_rating,"[(None, 0.0), (2.0, 1.832), (2.0, 2.686)]",2.0,2.686,images/6.png,3,LV,0.839285714286,71,-0.90789183691,2,9.72714822428,0,-0.029136312941
19,value_rating,"[(None, 0.0), (5.0, 2.679), (5.0, 4.083)]",5.0,4.083,images/5.png,2,LV,0.8,62,2.10689972182,2,9.90846454017,0,-0.029136312941
20,value_rating,"[(None, 0.0), (2.5, 1.711), (2.5, 2.817)]",2.5,2.817,images/4.png,4,LV,0.785714285714,67,-0.387721529546,2,8.86296143461,0,-0.029136312941
0,value_rating,"[(None, 0.0), (2.8, 13.234), (2.8, 14.837)]",2.8,14.837,images/1.png,5,ME,0.808510638298,59,-1.51463814705,0,4.66775983763,2,-0.0334937489118
1,value_rating,"[(None, 0.0), (3.4, 5.382), (3.4, 6.154)]",3.4,6.154,images/9.png,4,ME,0.779411764706,87,-0.933981202788,0,8.86296143461,0,-0.0334937489118
2,value_rating,"[(None, 0.0), (6.7, 2.852), (5.7, 4.707), (5.7, 6.222)]",5.7,6.222,images/3.png,8,ME,0.637362637363,113,1.27159369242,0,1.08503847794,1,-0.0334937489118
3,value_rating,"[(None, 0.0), (4.7, 4.915), (4.7, 6.22)]",4.7,6.22,images/11.png,3,ME,0.80701754386,77,0.38436934,0,9.72714822428,0,-0.0334937489118
4,value_rating,"[(None, 0.0), (6.1, 3.668), (6.1, 4.94)]",6.1,4.941,images/6.png,2,ME,0.657534246575,95,1.68500247817,0,9.90846454017,0,-0.0334937489118
5,value_rating,"[(None, 0.0), (2.8, 3.552), (2.8, 4.322)]",2.8,4.322,images/10.png,9,ME,0.703703703704,98,-1.58430704236,0,1.11560484841,1,-0.0334937489118
6,value_rating,"[(None, 0.0), (4.6, 5.735), (4.6, 6.767)]",4.6,6.767,images/7.png,10,ME,0.768292682927,103,0.25862754827,0,3.11548605754,1,-0.0334937489118
7,value_rating,"[(None, 0.0), (6.2, 2.183), (5.3, 4.402), (5.3, 5.22)]",5.3,5.22,images/6.png,2,ME,0.657534246575,95,0.885002478167,1,9.90846454017,0,-0.0334937489118
8,value_rating,"[(None, 0.0), (4.6, 1.987), (4.6, 3.089)]",4.6,3.089,images/1.png,5,ME,0.808510638298,59,0.285361852953,1,4.66775983763,2,-0.0334937489118
9,value_rating,"[(None, 0.0), (2.9, 5.18), (2.9, 5.885)]",2.9,5.885,images/9.png,4,ME,0.779411764706,87,-1.43398120279,1,8.86296143461,0,-0.0334937489118
10,value_rating,"[(None, 0.0), (3.5, 2.453), (3.5, 3.606)]",3.5,3.606,images/10.png,9,ME,0.703703703704,98,-0.884307042357,1,1.11560484841,1,-0.0334937489118
11,value_rating,"[(None, 0.0), (2.2, 3.815), (2.2, 4.819)]",2.2,4.819,images/3.png,8,ME,0.637362637363,113,-2.22840630758,1,1.08503847794,1,-0.0334937489118
12,value_rating,"[(None, 0.0), (5.5, 1.966), (5.5, 2.604)]",5.5,2.604,images/11.png,3,ME,0.80701754386,77,1.18436934,1,9.72714822428,0,-0.0334937489118
13,value_rating,"[(None, 0.0), (6.4, 1.838), (6.4, 3.11)]",6.4,3.11,images/7.png,10,ME,0.768292682927,103,2.05862754827,1,3.11548605754,1,-0.0334937489118
14,value_rating,"[(None, 0.0), (3.5, 2.04), (3.5, 2.976)]",3.5,2.976,images/10.png,9,ME,0.703703703704,98,-0.884307042357,2,1.11560484841,1,-0.0334937489118
15,value_rating,"[(None, 0.0), (5.6, 1.982), (5.6, 2.769)]",5.6,2.769,images/6.png,2,ME,0.657534246575,95,1.18500247817,2,9.90846454017,0,-0.0334937489118
16,value_rating,"[(None, 0.0), (2.7, 4.531), (2.7, 5.201)]",2.7,5.201,images/9.png,4,ME,0.779411764706,87,-1.63398120279,2,8.86296143461,0,-0.0334937489118
17,value_rating,"[(None, 0.0), (3.2, 2.149), (3.2, 3.154)]",3.2,3.154,images/7.png,10,ME,0.768292682927,103,-1.14137245173,2,3.11548605754,1,-0.0334937489118
18,value_rating,"[(None, 0.0), (5.4, 1.697), (5.4, 2.586)]",5.4,2.586,images/1.png,5,ME,0.808510638298,59,1.08536185295,2,4.66775983763,2,-0.0334937489118
19,value_rating,"[(None, 0.0), (6.2, 1.436), (6.2, 2.457)]",6.2,2.457,images/11.png,3,ME,0.80701754386,77,1.88436934,2,9.72714822428,0,-0.0334937489118
20,value_rating,"[(None, 0.0), (4.5, 4.986), (4.5, 5.805)]",4.5,5.805,images/3.png,8,ME,0.637362637363,113,0.0715936924228,2,1.08503847794,1,-0.0334937489118
0,value_rating,"[(None, 0.0), (3.0, 45.958), (3.3, 46.152), (3.5, 46.185), (3.6, 46.225), (3.7, 46.261), (3.6, 50.508), (3.5, 50.576), (3.4, 50.609), (3.3, 51.18), (3.1, 51.212), (2.9, 51.254), (2.7, 51.292), (2.6, 51.328), (2.7, 51.529), (2.8, 51.728), (2.9, 51.998), (3.0, 53.875), (3.1, 54.816), (3.2, 54.849), (3.4, 54.882), (3.5, 54.921), (3.7, 54.952), (3.9, 54.983), (4.0, 55.019), (4.1, 55.049), (4.3, 55.083), (4.5, 55.118), (4.3, 55.381), (4.2, 55.415), (4.0, 55.448), (3.9, 55.483), (3.6, 55.517), (3.4, 55.548), (3.2, 55.582), (3.0, 55.617), (2.8, 55.653), (2.7, 55.683), (2.6, 55.751), (2.5, 55.784), (2.6, 55.986), (2.5, 56.288), (2.4, 56.356), (2.3, 56.524), (2.2, 56.959), (2.1, 56.993), (2.0, 57.058), (2.1, 57.427), (2.1, 59.506)]",2.1,59.506,images/5.png,10,MG,0.974358974359,101,-0.309599229593,0,3.11548605754,1,0.0506178434079
1,value_rating,"[(None, 0.0), (5.4, 5.643), (5.3, 8.388), (5.0, 8.421), (4.9, 8.456), (4.8, 8.489), (4.9, 8.791), (5.0, 8.926), (5.2, 8.961), (5.3, 8.99), (5.2, 9.194), (5.1, 9.227), (5.0, 9.261), (4.9, 9.295), (4.8, 9.328), (4.7, 9.395), (4.8, 9.598), (5.0, 9.632), (5.2, 9.664), (5.3, 9.698), (5.4, 9.73), (5.5, 9.764), (5.6, 9.797), (5.5, 9.999), (5.4, 10.066), (5.3, 10.099), (5.6, 11.68), (5.5, 11.743), (5.3, 11.776), (4.9, 11.809), (4.6, 11.844), (4.5, 11.877), (4.4, 11.911), (4.3, 12.011), (4.2, 12.078), (4.1, 12.18), (4.0, 12.215), (3.7, 12.247), (3.5, 12.283), (3.3, 12.316), (3.2, 12.348), (3.1, 12.381), (2.9, 12.415), (2.8, 12.451), (2.7, 12.514), (2.6, 12.784), (2.5, 12.819), (2.4, 12.857), (2.1, 15.414), (1.9, 15.451), (1.8, 15.482), (1.7, 15.548), (1.6, 15.585), (1.6, 17.263)]",1.6,17.263,images/7.png,3,MG,0.875,77,-0.766345006627,0,9.72714822428,0,0.0506178434079
2,value_rating,"[(None, 0.0), (2.6, 3.11), (2.6, 3.777)]",2.6,3.777,images/10.png,5,MG,0.731707317073,45,0.29603500179,0,4.66775983763,2,0.0506178434079
3,value_rating,"[(None, 0.0), (1.5, 1.286), (1.5, 3.261)]",1.5,3.261,images/3.png,4,MG,0.927536231884,81,-0.889215752851,0,8.86296143461,0,0.0506178434079
4,value_rating,"[(None, 0.0), (2.2, 1.418), (2.2, 2.186)]",2.2,2.186,images/1.png,9,MG,0.93023255814,110,-0.190389552177,0,1.11560484841,1,0.0506178434079
5,value_rating,"[(None, 0.0), (2.3, 2.705), (2.2, 2.824), (2.1, 2.856), (2.0, 2.888), (1.9, 3.088), (1.7, 3.157), (1.6, 3.222), (1.5, 3.292), (1.4, 3.354), (1.3, 3.423), (1.2, 3.509), (1.2, 4.299)]",1.2,4.299,images/9.png,8,MG,0.877777777778,111,-1.16755426447,0,1.08503847794,1,0.0506178434079
6,value_rating,"[(None, 0.0), (2.5, 1.205), (2.3, 1.265), (1.9, 1.299), (1.7, 1.338), (1.6, 1.366), (1.5, 1.399), (1.4, 1.467), (1.5, 1.772), (1.9, 1.802), (2.2, 1.837), (2.3, 1.87), (2.4, 2.037), (2.3, 2.145), (2.1, 2.172), (2.0, 2.206), (1.9, 2.238), (1.8, 2.305), (1.7, 2.339), (1.6, 2.413), (1.5, 2.439), (1.7, 3.148), (1.8, 3.185), (1.9, 3.213), (1.8, 3.385), (1.7, 3.414), (1.6, 3.489), (1.6, 4.275)]",1.6,4.275,images/2.png,2,MG,0.813559322034,77,-0.739597862736,0,9.90846454017,0,0.0506178434079
7,value_rating,"[(None, 0.0), (3.4, 0.837), (3.3, 1.198), (3.2, 1.231), (3.1, 1.267), (2.8, 1.299), (2.6, 1.334), (2.4, 1.366), (2.3, 1.399), (2.2, 1.434), (2.1, 1.499), (2.1, 2.173)]",2.1,2.173,images/9.png,8,MG,0.877777777778,111,-0.267554264473,1,1.08503847794,1,0.0506178434079
8,value_rating,"[(None, 0.0), (3.1, 3.123), (3.1, 3.79)]",3.1,3.79,images/3.png,4,MG,0.927536231884,81,0.710784247149,1,8.86296143461,0,0.0506178434079
9,value_rating,"[(None, 0.0), (2.5, 2.75), (2.5, 4.997)]",2.5,4.997,images/10.png,5,MG,0.731707317073,45,0.19603500179,1,4.66775983763,2,0.0506178434079
10,value_rating,"[(None, 0.0), (3.5, 4.582), (3.6, 4.71), (3.7, 4.743), (3.8, 4.81), (3.7, 5.081), (3.6, 5.113), (3.4, 5.148), (3.2, 5.182), (2.8, 5.213), (2.6, 5.246), (2.4, 5.284), (2.2, 5.319), (2.1, 5.347), (2.0, 5.383), (2.1, 5.919), (2.2, 5.987), (2.5, 6.019), (2.6, 6.053), (2.5, 6.186), (2.4, 6.219), (2.2, 6.253), (2.1, 6.292), (2.0, 6.355), (1.9, 6.422), (1.8, 6.522), (1.8, 8.399)]",1.8,8.399,images/5.png,10,MG,0.974358974359,101,-0.609599229593,1,3.11548605754,1,0.0506178434079
11,value_rating,"[(None, 0.0), (4.2, 1.072), (4.0, 1.204), (3.8, 1.236), (3.6, 1.269), (3.3, 1.303), (3.1, 1.34), (3.0, 1.371), (2.9, 1.404), (2.8, 1.504), (2.6, 1.571), (2.4, 1.607), (2.5, 2.594), (2.6, 2.639), (2.7, 2.67), (2.7, 3.332)]",2.7,3.332,images/7.png,3,MG,0.875,77,0.333654993373,1,9.72714822428,0,0.0506178434079
12,value_rating,"[(None, 0.0), (4.6, 1.722), (4.4, 1.819), (4.3, 1.852), (4.0, 1.885), (3.8, 1.918), (3.6, 1.953), (3.4, 1.987), (3.3, 2.022), (3.1, 2.053), (2.9, 2.087), (2.8, 2.121), (2.6, 2.154), (2.4, 2.187), (2.3, 3.189), (2.4, 3.329), (2.8, 3.594), (2.9, 3.626), (3.1, 3.66), (3.0, 3.961), (2.9, 4.134), (3.0, 4.33), (3.1, 4.434), (3.0, 5.104), (2.9, 5.17), (2.8, 5.338), (2.7, 5.607), (2.6, 5.64), (2.6, 6.384)]",2.6,6.384,images/1.png,9,MG,0.93023255814,110,0.209610447823,1,1.11560484841,1,0.0506178434079
13,value_rating,"[(None, 0.0), (2.7, 1.423), (3.7, 2.324), (3.7, 4.263)]",3.7,4.263,images/2.png,2,MG,0.813559322034,77,1.36040213726,1,9.90846454017,0,0.0506178434079
14,value_rating,"[(None, 0.0), (3.3, 1.265), (3.3, 2.771)]",3.3,2.771,images/5.png,10,MG,0.974358974359,101,0.890400770407,2,3.11548605754,1,0.0506178434079
15,value_rating,"[(None, 0.0), (2.7, 1.602), (2.2, 2.57), (3.1, 3.643), (3.2, 3.676), (3.2, 4.212)]",3.2,4.212,images/9.png,8,MG,0.877777777778,111,0.832445735527,2,1.08503847794,1,0.0506178434079
16,value_rating,"[(None, 0.0), (2.3, 1.309), (2.1, 1.438), (2.0, 1.505), (1.9, 1.605), (1.8, 1.673), (1.7, 1.706), (1.8, 2.313), (1.9, 2.38), (1.9, 3.956)]",1.9,3.956,images/10.png,5,MG,0.731707317073,45,-0.40396499821,2,4.66775983763,2,0.0506178434079
17,value_rating,"[(None, 0.0), (3.0, 0.97), (2.9, 1.063), (2.8, 1.13), (2.6, 1.163), (2.5, 1.23), (2.4, 1.333), (2.3, 1.365), (2.2, 1.399), (2.1, 1.433), (2.0, 1.466), (1.9, 1.569), (1.8, 1.599), (1.7, 1.633), (1.6, 1.7), (1.6, 2.743)]",1.6,2.743,images/1.png,9,MG,0.93023255814,110,-0.790389552177,2,1.11560484841,1,0.0506178434079
18,value_rating,"[(None, 0.0), (3.4, 1.024), (3.3, 1.091), (3.2, 1.124), (3.1, 1.189), (3.2, 2.43), (3.0, 2.529), (2.9, 2.562), (2.7, 2.597), (2.6, 2.635), (2.5, 2.764), (2.4, 2.797), (2.1, 3.336), (2.3, 3.368), (2.4, 3.402), (2.5, 3.436), (2.6, 3.468), (2.5, 3.981), (2.3, 4.045), (2.1, 4.086), (1.9, 4.144), (1.4, 4.204), (1.2, 4.254), (1.1, 4.331), (1.2, 4.465), (1.3, 4.495), (1.4, 4.532), (1.5, 4.631), (1.6, 4.701), (1.7, 4.742), (1.8, 4.851), (1.9, 4.916), (3.5, 6.363), (3.3, 6.494), (3.1, 6.529), (3.0, 6.782), (2.9, 6.882), (2.8, 6.98), (2.8, 7.472)]",2.8,7.472,images/7.png,3,MG,0.875,77,0.433654993373,2,9.72714822428,0,0.0506178434079
19,value_rating,"[(None, 0.0), (4.4, 0.832), (4.3, 1.195), (4.2, 1.228), (4.1, 1.263), (4.0, 1.295), (3.9, 1.329), (3.8, 1.362), (3.8, 2.434)]",3.8,2.435,images/3.png,4,MG,0.927536231884,81,1.41078424715,2,8.86296143461,0,0.0506178434079
20,value_rating,"[(None, 0.0), (2.6, 0.841), (2.4, 1.002), (2.3, 1.035), (2.2, 1.069), (2.1, 1.103), (2.0, 1.171), (1.9, 1.203), (1.8, 1.236), (1.8, 2.144)]",1.8,2.144,images/2.png,2,MG,0.813559322034,77,-0.539597862736,2,9.90846454017,0,0.0506178434079
0,value_rating,"[(None, 0.0), (5.3, 8.201), (5.1, 9.795), (5.0, 9.824), (4.9, 9.847), (4.8, 9.875), (4.7, 9.925), (4.6, 9.98), (4.5, 10.034), (4.6, 10.805), (4.7, 10.839), (4.8, 10.871), (4.9, 10.889), (5.0, 10.905), (5.1, 10.922), (5.2, 10.972), (5.3, 10.991), (5.4, 11.005), (5.5, 11.022), (5.6, 11.039), (5.7, 11.055), (5.6, 11.69), (5.5, 11.771), (5.4, 11.822), (5.3, 11.871), (5.2, 11.94), (5.1, 11.955), (5.0, 11.988), (4.9, 12.005), (4.8, 12.054), (4.7, 12.239), (4.6, 12.272), (4.5, 12.305), (4.4, 15.606), (4.3, 15.623), (4.2, 15.639), (4.1, 15.655), (4.0, 15.739), (3.9, 15.756), (3.8, 15.773), (3.7, 15.79), (3.5, 15.806), (3.4, 15.823), (3.2, 15.84), (2.9, 15.858), (2.8, 15.877), (2.6, 15.891), (2.5, 15.906), (2.4, 15.923), (2.3, 15.942), (2.1, 15.957), (1.9, 15.973), (1.8, 16.006), (1.7, 16.022), (1.6, 16.04), (1.4, 16.055), (1.3, 16.074), (1.4, 16.357), (1.5, 16.39), (1.6, 16.406), (1.7, 16.443), (1.9, 16.458), (2.0, 16.523), (2.1, 16.59), (2.0, 16.79), (1.9, 17.456), (1.8, 17.473), (1.6, 17.49), (1.5, 17.506), (1.3, 17.523), (1.1, 17.54), (0.9, 17.557), (0.8, 17.573), (0.6, 17.589), (0.4, 17.607), (0.3, 17.643), (0.2, 17.658), (0.3, 17.961), (0.4, 17.989), (0.5, 18.007), (0.6, 18.04), (0.7, 18.056), (0.8, 18.09), (0.9, 18.14), (1.0, 18.364), (1.1, 18.381), (1.2, 18.456), (1.3, 18.489), (1.2, 19.557), (1.1, 19.741), (1.0, 19.807), (0.9, 19.958), (0.8, 20.207), (0.7, 20.557), (0.8, 21.275), (0.9, 21.518), (0.9, 24.043)]",0.9,24.043,images/1.png,8,PK,0.857142857143,87,-2.45530002712,0,1.08503847794,1,0.0116085034393
1,value_rating,"[(None, 0.0), (2.2, 2.398), (3.0, 5.641), (3.0, 6.456)]",3.0,6.456,images/6.png,9,PK,0.890625,88,-0.00765877372036,0,1.11560484841,1,0.0116085034393
2,value_rating,"[(None, 0.0), (1.8, 3.035), (1.8, 4.329)]",1.8,4.329,images/4.png,4,PK,0.915094339623,122,-0.953596423752,0,8.86296143461,0,0.0116085034393
3,value_rating,"[(None, 0.0), (4.8, 3.476), (4.8, 4.23)]",4.8,4.23,images/5.png,5,PK,0.850746268657,83,1.37828492746,0,4.66775983763,2,0.0116085034393
4,value_rating,"[(None, 0.0), (6.4, 6.173), (6.4, 7.911)]",6.4,7.911,images/3.png,10,PK,0.618181818182,73,0.563594881957,0,3.11548605754,1,0.0116085034393
5,value_rating,"[(None, 0.0), (4.9, 3.402), (4.9, 4.26)]",4.9,4.26,images/9.png,3,PK,0.961038961039,88,2.62344131676,0,9.72714822428,0,0.0116085034393
6,value_rating,"[(None, 0.0), (2.7, 4.381), (2.7, 5.251)]",2.7,5.251,images/7.png,2,PK,0.851351351351,89,-0.715432568248,0,9.90846454017,0,0.0116085034393
7,value_rating,"[(None, 0.0), (1.4, 2.002), (4.6, 3.638), (4.6, 4.972)]",4.6,4.972,images/9.png,3,PK,0.961038961039,88,2.32344131676,1,9.72714822428,0,0.0116085034393
8,value_rating,"[(None, 0.0), (4.4, 14.45), (4.4, 16.799)]",4.4,16.799,images/5.png,5,PK,0.850746268657,83,0.978284927455,1,4.66775983763,2,0.0116085034393
9,value_rating,"[(None, 0.0), (3.3, 5.728), (3.3, 8.016)]",3.3,8.016,images/1.png,8,PK,0.857142857143,87,-0.0553000271192,1,1.08503847794,1,0.0116085034393
10,value_rating,"[(None, 0.0), (2.7, 7.471), (2.7, 8.616)]",2.7,8.616,images/7.png,2,PK,0.851351351351,89,-0.715432568248,1,9.90846454017,0,0.0116085034393
11,value_rating,"[(None, 0.0), (1.4, 1.769), (1.4, 2.891)]",1.4,2.891,images/4.png,4,PK,0.915094339623,122,-1.35359642375,1,8.86296143461,0,0.0116085034393
12,value_rating,"[(None, 0.0), (1.6, 2.268), (2.3, 4.301), (2.3, 5.104)]",2.3,5.104,images/6.png,9,PK,0.890625,88,-0.70765877372,1,1.11560484841,1,0.0116085034393
13,value_rating,"[(None, 0.0), (6.4, 3.788), (6.4, 4.81)]",6.4,4.81,images/3.png,10,PK,0.618181818182,73,0.563594881957,1,3.11548605754,1,0.0116085034393
14,value_rating,"[(None, 0.0), (6.5, 3.935), (6.4, 4.471), (6.4, 5.556)]",6.4,5.557,images/3.png,10,PK,0.618181818182,73,0.563594881957,2,3.11548605754,1,0.0116085034393
15,value_rating,"[(None, 0.0), (3.8, 2.243), (3.8, 2.901)]",3.8,2.901,images/9.png,3,PK,0.961038961039,88,1.52344131676,2,9.72714822428,0,0.0116085034393
16,value_rating,"[(None, 0.0), (3.5, 2.652), (3.5, 3.369)]",3.5,3.369,images/7.png,2,PK,0.851351351351,89,0.0845674317523,2,9.90846454017,0,0.0116085034393
17,value_rating,"[(None, 0.0), (1.4, 1.721), (1.4, 2.855)]",1.4,2.855,images/4.png,4,PK,0.915094339623,122,-1.35359642375,2,8.86296143461,0,0.0116085034393
18,value_rating,"[(None, 0.0), (3.3, 2.572), (2.3, 3.28), (2.3, 4.112)]",2.3,4.112,images/6.png,9,PK,0.890625,88,-0.70765877372,2,1.11560484841,1,0.0116085034393
19,value_rating,"[(None, 0.0), (1.6, 2.025), (1.6, 2.815)]",1.6,2.815,images/1.png,8,PK,0.857142857143,87,-1.75530002712,2,1.08503847794,1,0.0116085034393
20,value_rating,"[(None, 0.0), (5.5, 3.065), (3.6, 3.806), (3.6, 4.662)]",3.6,4.662,images/5.png,5,PK,0.850746268657,83,0.178284927455,2,4.66775983763,2,0.0116085034393
0,value_rating,"[(None, 0.0), (0.1, 12.752), (0.1, 14.825)]",0.1,14.825,images/4.png,8,WC,0.880434782609,117,-0.232064778285,0,1.08503847794,1,-0.0426630968591
1,value_rating,"[(None, 0.0), (0.5, 3.711), (0.5, 4.527)]",0.5,4.528,images/8.png,9,WC,0.955555555556,115,0.210208580901,0,1.11560484841,1,-0.0426630968591
2,value_rating,"[(None, 0.0), (0.3, 2.256), (0.3, 3.044)]",0.3,3.044,images/3.png,5,WC,0.764705882353,46,-0.0971898984984,0,4.66775983763,2,-0.0426630968591
3,value_rating,"[(None, 0.0), (0.4, 2.845), (0.4, 3.766)]",0.4,3.766,images/2.png,2,WC,0.65,71,-0.0617393270413,0,9.90846454017,0,-0.0426630968591
4,value_rating,"[(None, 0.0), (1.1, 1.161), (1.1, 1.995)]",1.1,1.995,images/1.png,3,WC,0.819444444444,84,0.733613603727,0,9.72714822428,0,-0.0426630968591
5,value_rating,"[(None, 0.0), (0.0, 1.546), (0.3, 2.093), (0.6, 2.414), (0.6, 3.749)]",0.6,3.749,images/10.png,10,WC,0.952380952381,105,0.30842210913,0,3.11548605754,1,-0.0426630968591
6,value_rating,"[(None, 0.0), (0.8, 0.954), (0.8, 1.597)]",0.8,1.597,images/6.png,4,WC,0.828571428571,90,0.438749710068,0,8.86296143461,0,-0.0426630968591
7,value_rating,"[(None, 0.0), (1.1, 1.395), (1.0, 1.821), (0.9, 2.136), (0.7, 2.566), (0.7, 3.059)]",0.7,3.059,images/2.png,2,WC,0.65,71,0.238260672959,1,9.90846454017,0,-0.0426630968591
8,value_rating,"[(None, 0.0), (0.3, 1.583), (0.3, 2.247)]",0.3,2.247,images/4.png,8,WC,0.880434782609,117,-0.032064778285,1,1.08503847794,1,-0.0426630968591
9,value_rating,"[(None, 0.0), (1.1, 1.295), (1.1, 2.26)]",1.1,2.26,images/1.png,3,WC,0.819444444444,84,0.733613603727,1,9.72714822428,0,-0.0426630968591
10,value_rating,"[(None, 0.0), (0.6, 2.42), (0.6, 3.128)]",0.6,3.128,images/8.png,9,WC,0.955555555556,115,0.310208580901,1,1.11560484841,1,-0.0426630968591
11,value_rating,"[(None, 0.0), (0.3, 1.174), (0.1, 1.505), (0.1, 2.294)]",0.1,2.295,images/6.png,4,WC,0.828571428571,90,-0.261250289932,1,8.86296143461,0,-0.0426630968591
12,value_rating,"[(None, 0.0), (0.3, 1.905), (0.3, 2.674)]",0.3,2.674,images/3.png,5,WC,0.764705882353,46,-0.0971898984984,1,4.66775983763,2,-0.0426630968591
13,value_rating,"[(None, 0.0), (0.1, 1.583), (0.1, 2.5)]",0.1,2.5,images/10.png,10,WC,0.952380952381,105,-0.19157789087,1,3.11548605754,1,-0.0426630968591
14,value_rating,"[(None, 0.0), (0.0, 1.645), (0.0, 2.615)]",0.0,2.615,images/8.png,9,WC,0.955555555556,115,-0.289791419099,2,1.11560484841,1,-0.0426630968591
15,value_rating,"[(None, 0.0), (0.1, 1.186), (0.0, 1.531), (0.0, 2.434)]",0.0,2.434,images/10.png,10,WC,0.952380952381,105,-0.29157789087,2,3.11548605754,1,-0.0426630968591
16,value_rating,"[(None, 0.0), (0.4, 1.309), (0.3, 1.438), (0.3, 2.331)]",0.3,2.331,images/2.png,2,WC,0.65,71,-0.161739327041,2,9.90846454017,0,-0.0426630968591
17,value_rating,"[(None, 0.0), (0.0, 1.532), (0.0, 2.613)]",0.0,2.613,images/4.png,8,WC,0.880434782609,117,-0.332064778285,2,1.08503847794,1,-0.0426630968591
18,value_rating,"[(None, 0.0), (0.0, 1.313), (0.0, 2.113)]",0.0,2.113,images/3.png,5,WC,0.764705882353,46,-0.397189898498,2,4.66775983763,2,-0.0426630968591
19,value_rating,"[(None, 0.0), (0.1, 1.3), (0.0, 1.407), (0.0, 2.148)]",0.0,2.148,images/6.png,4,WC,0.828571428571,90,-0.361250289932,2,8.86296143461,0,-0.0426630968591
20,value_rating,"[(None, 0.0), (0.2, 1.245), (0.2, 2.114)]",0.2,2.114,images/1.png,3,WC,0.819444444444,84,-0.166386396273,2,9.72714822428,0,-0.0426630968591
0,value_rating,"[(None, 0.0), (7.0, 11.247), (7.0, 12.368)]",7.0,12.368,images/8.png,8,WSL,1.0,96,0.409105714531,0,1.08503847794,1,0.0679189491149
1,value_rating,"[(None, 0.0), (6.9, 11.576), (6.8, 12.349), (6.7, 12.382), (6.6, 12.415), (6.5, 12.431), (6.4, 12.449), (6.3, 12.467), (6.2, 12.497), (6.1, 12.517), (6.0, 12.55), (5.9, 12.581), (6.0, 15.979), (6.1, 16.195), (6.2, 16.561), (6.3, 16.628), (6.4, 16.71), (6.4, 18.543)]",6.4,18.543,images/2.png,4,WSL,0.985915492958,91,0.826470455072,0,8.86296143461,0,0.0679189491149
2,value_rating,"[(None, 0.0), (2.7, 4.304), (2.7, 6.459)]",2.7,6.459,images/6.png,10,WSL,1.0,78,-3.89089428547,0,3.11548605754,1,0.0679189491149
3,value_rating,"[(None, 0.0), (8.1, 8.334), (8.0, 9.672), (8.0, 10.788)]",8.0,10.788,images/7.png,9,WSL,0.986111111111,91,2.41234038923,0,1.11560484841,1,0.0679189491149
4,value_rating,"[(None, 0.0), (6.4, 30.884), (6.4, 32.757)]",6.4,32.757,images/9.png,2,WSL,1.0,96,-0.190894285469,0,9.90846454017,0,0.0679189491149
5,value_rating,"[(None, 0.0), (1.9, 2.39), (2.0, 3.963), (2.0, 5.261)]",2.0,5.261,images/11.png,5,WSL,0.941176470588,49,-0.341900369094,0,4.66775983763,2,0.0679189491149
6,value_rating,"[(None, 0.0), (8.4, 13.48), (8.4, 14.269)]",8.4,14.269,images/10.png,3,WSL,1.0,101,1.80910571453,0,9.72714822428,0,0.0679189491149
7,value_rating,"[(None, 0.0), (7.5, 8.336), (7.4, 9.757), (7.3, 9.808), (7.2, 9.874), (7.1, 9.924), (7.0, 10.374), (6.9, 10.423), (6.9, 11.723)]",6.9,11.723,images/7.png,9,WSL,0.986111111111,91,1.31234038923,1,1.11560484841,1,0.0679189491149
8,value_rating,"[(None, 0.0), (1.8, 6.236), (1.7, 7.889), (1.6, 7.973), (1.5, 8.006), (1.6, 8.805), (1.7, 9.372), (1.7, 11.071)]",1.7,11.071,images/11.png,5,WSL,0.941176470588,49,-0.641900369094,1,4.66775983763,2,0.0679189491149
9,value_rating,"[(None, 0.0), (5.2, 3.672), (5.1, 4.461), (5.0, 4.944), (5.1, 5.56), (5.2, 5.593), (5.1, 6.243), (5.0, 6.277), (5.0, 7.41)]",5.0,7.41,images/2.png,4,WSL,0.985915492958,91,-0.573529544928,1,8.86296143461,0,0.0679189491149
10,value_rating,"[(None, 0.0), (8.0, 2.289), (8.1, 3.178), (8.2, 3.594), (8.2, 4.96)]",8.2,4.96,images/8.png,8,WSL,1.0,96,1.60910571453,1,1.08503847794,1,0.0679189491149
11,value_rating,"[(None, 0.0), (8.0, 9.215), (7.9, 10.337), (7.8, 10.388), (7.7, 10.437), (7.6, 10.471), (7.5, 10.505), (7.4, 10.521), (7.3, 10.921), (7.2, 10.969), (7.1, 10.985), (7.0, 11.035), (7.1, 11.37), (7.2, 11.387), (7.3, 11.437), (7.3, 12.304)]",7.3,12.304,images/9.png,2,WSL,1.0,96,0.709105714531,1,9.90846454017,0,0.0679189491149
12,value_rating,"[(None, 0.0), (7.6, 2.967), (7.5, 2.987), (7.5, 3.689)]",7.5,3.689,images/10.png,3,WSL,1.0,101,0.909105714531,1,9.72714822428,0,0.0679189491149
13,value_rating,"[(None, 0.0), (1.8, 1.306), (1.6, 2.944), (1.7, 2.977), (1.8, 3.076), (1.9, 3.125), (1.9, 4.276)]",1.9,4.277,images/6.png,10,WSL,1.0,78,-4.69089428547,1,3.11548605754,1,0.0679189491149
14,value_rating,"[(None, 0.0), (1.9, 5.988), (1.9, 7.842)]",1.9,7.842,images/6.png,10,WSL,1.0,78,-4.69089428547,2,3.11548605754,1,0.0679189491149
15,value_rating,"[(None, 0.0), (2.0, 3.271), (2.0, 4.227)]",2.0,4.227,images/11.png,5,WSL,0.941176470588,49,-0.341900369094,2,4.66775983763,2,0.0679189491149
16,value_rating,"[(None, 0.0), (7.6, 6.489), (7.6, 8.163)]",7.6,8.163,images/7.png,9,WSL,0.986111111111,91,2.01234038923,2,1.11560484841,1,0.0679189491149
17,value_rating,"[(None, 0.0), (5.2, 2.254), (5.2, 3.929)]",5.2,3.93,images/2.png,4,WSL,0.985915492958,91,-0.373529544928,2,8.86296143461,0,0.0679189491149
18,value_rating,"[(None, 0.0), (8.5, 3.073), (8.5, 4.062)]",8.5,4.062,images/8.png,8,WSL,1.0,96,1.90910571453,2,1.08503847794,1,0.0679189491149
19,value_rating,"[(None, 0.0), (8.0, 1.958), (8.0, 2.849)]",8.0,2.849,images/10.png,3,WSL,1.0,101,1.40910571453,2,9.72714822428,0,0.0679189491149
20,value_rating,"[(None, 0.0), (7.0, 3.19), (7.0, 3.864)]",7.0,3.864,images/9.png,2,WSL,1.0,96,0.409105714531,2,9.90846454017,0,0.0679189491149
0,value_rating,"[(None, 0.0), (2.9, 14.383), (2.9, 15.639)]",2.9,15.639,images/6.png,3,XXG,0.876543209877,92,-0.788408280647,0,9.72714822428,0,-0.0111331839196
1,value_rating,"[(None, 0.0), (2.0, 16.212), (2.0, 17.228)]",2.0,17.228,images/7.png,10,XXG,0.941176470588,88,-1.70017499302,0,3.11548605754,1,-0.0111331839196
2,value_rating,"[(None, 0.0), (2.5, 6.704), (2.5, 7.502)]",2.5,7.502,images/2.png,9,XXG,0.803921568627,70,-1.17518725551,0,1.11560484841,1,-0.0111331839196
3,value_rating,"[(None, 0.0), (4.0, 3.404), (4.0, 10.88)]",4.0,10.88,images/10.png,4,XXG,0.975609756098,101,0.293556306287,0,8.86296143461,0,-0.0111331839196
4,value_rating,"[(None, 0.0), (3.0, 12.26), (3.0, 12.991)]",3.0,12.991,images/11.png,8,XXG,0.904109589041,95,-0.6934268369,0,1.08503847794,1,-0.0111331839196
5,value_rating,"[(None, 0.0), (5.0, 11.291), (5.0, 12.142)]",5.0,12.142,images/1.png,2,XXG,0.9,112,1.30732132823,0,9.90846454017,0,-0.0111331839196
6,value_rating,"[(None, 0.0), (3.5, 10.056), (4.5, 13.033), (4.5, 13.641)]",4.5,13.641,images/5.png,5,XXG,0.813953488372,56,0.822986398223,0,4.66775983763,2,-0.0111331839196
7,value_rating,"[(None, 0.0), (2.9, 5.335), (2.9, 5.968)]",2.9,5.968,images/1.png,2,XXG,0.9,112,-0.792678671765,1,9.90846454017,0,-0.0111331839196
8,value_rating,"[(None, 0.0), (4.5, 6.191), (4.5, 6.958)]",4.5,6.958,images/6.png,3,XXG,0.876543209877,92,0.811591719353,1,9.72714822428,0,-0.0111331839196
9,value_rating,"[(None, 0.0), (5.6, 2.461), (5.6, 3.277)]",5.6,3.277,images/5.png,5,XXG,0.813953488372,56,1.92298639822,1,4.66775983763,2,-0.0111331839196
10,value_rating,"[(None, 0.0), (4.4, 10.245), (4.4, 10.845)]",4.4,10.845,images/10.png,4,XXG,0.975609756098,101,0.693556306287,1,8.86296143461,0,-0.0111331839196
11,value_rating,"[(None, 0.0), (2.5, 3.227), (2.5, 3.89)]",2.5,3.89,images/2.png,9,XXG,0.803921568627,70,-1.17518725551,1,1.11560484841,1,-0.0111331839196
12,value_rating,"[(None, 0.0), (3.5, 3.151), (3.5, 8.024)]",3.5,8.024,images/11.png,8,XXG,0.904109589041,95,-0.1934268369,1,1.08503847794,1,-0.0111331839196
13,value_rating,"[(None, 0.0), (2.4, 3.808), (2.4, 4.657)]",2.4,4.657,images/7.png,10,XXG,0.941176470588,88,-1.30017499302,1,3.11548605754,1,-0.0111331839196
14,value_rating,"[(None, 0.0), (3.5, 3.333), (3.5, 4.752)]",3.5,4.752,images/11.png,8,XXG,0.904109589041,95,-0.1934268369,2,1.08503847794,1,-0.0111331839196
15,value_rating,"[(None, 0.0), (2.5, 5.485), (2.5, 6.237)]",2.5,6.237,images/2.png,9,XXG,0.803921568627,70,-1.17518725551,2,1.11560484841,1,-0.0111331839196
16,value_rating,"[(None, 0.0), (4.5, 2.109), (4.5, 2.711)]",4.5,2.711,images/7.png,10,XXG,0.941176470588,88,0.799825006984,2,3.11548605754,1,-0.0111331839196
17,value_rating,"[(None, 0.0), (4.0, 4.611), (4.0, 5.224)]",4.0,5.224,images/1.png,2,XXG,0.9,112,0.307321328235,2,9.90846454017,0,-0.0111331839196
18,value_rating,"[(None, 0.0), (5.4, 4.025), (5.4, 4.727)]",5.4,4.728,images/5.png,5,XXG,0.813953488372,56,1.72298639822,2,4.66775983763,2,-0.0111331839196
19,value_rating,"[(None, 0.0), (3.5, 2.817), (3.4, 2.846), (3.4, 3.619)]",3.4,3.619,images/6.png,3,XXG,0.876543209877,92,-0.288408280647,2,9.72714822428,0,-0.0111331839196
20,value_rating,"[(None, 0.0), (4.5, 3.467), (4.5, 4.267)]",4.5,4.268,images/10.png,4,XXG,0.975609756098,101,0.793556306287,2,8.86296143461,0,-0.0111331839196
0,value_rating,"[(None, 0.0), (2.2, 7.84), (2.2, 9.227)]",2.2,9.227,images/6.png,4,ZG,0.841463414634,110,0.512064057939,0,8.86296143461,0,-0.0143353363517
1,value_rating,"[(None, 0.0), (2.5, 2.764), (2.5, 5.0)]",2.5,5.0,images/9.png,5,ZG,0.815789473684,50,0.958773504085,0,4.66775983763,2,-0.0143353363517
2,value_rating,"[(None, 0.0), (3.3, 3.92), (3.6, 4.391), (3.7, 4.458), (3.7, 5.523)]",3.7,5.523,images/7.png,3,ZG,0.809523809524,109,2.19457759511,0,9.72714822428,0,-0.0143353363517
3,value_rating,"[(None, 0.0), (0.6, 2.284), (0.5, 2.354), (0.5, 3.389)]",0.5,3.389,images/2.png,2,ZG,0.818181818182,100,-1.05489714885,0,9.90846454017,0,-0.0143353363517
4,value_rating,"[(None, 0.0), (1.2, 2.537), (1.1, 2.557), (1.1, 3.291)]",1.1,3.291,images/4.png,8,ZG,0.75,88,-0.0652835401645,0,1.08503847794,1,-0.0143353363517
5,value_rating,"[(None, 0.0), (1.4, 0.933), (1.4, 1.788)]",1.4,1.788,images/3.png,9,ZG,0.764705882353,83,0.15068215208,0,1.11560484841,1,-0.0143353363517
6,value_rating,"[(None, 0.0), (0.4, 1.789), (0.3, 1.828), (0.3, 2.908)]",0.3,2.908,images/10.png,10,ZG,0.761194029851,79,-0.929249953531,0,3.11548605754,1,-0.0143353363517
7,value_rating,"[(None, 0.0), (1.4, 1.299), (1.4, 2.219)]",1.4,2.219,images/4.png,8,ZG,0.75,88,0.234716459835,1,1.08503847794,1,-0.0143353363517
8,value_rating,"[(None, 0.0), (1.2, 2.583), (1.2, 4.136)]",1.2,4.136,images/3.png,9,ZG,0.764705882353,83,-0.0493178479204,1,1.11560484841,1,-0.0143353363517
9,value_rating,"[(None, 0.0), (1.9, 1.616), (1.9, 2.535)]",1.9,2.535,images/7.png,3,ZG,0.809523809524,109,0.394577595109,1,9.72714822428,0,-0.0143353363517
10,value_rating,"[(None, 0.0), (2.2, 2.033), (2.2, 3.387)]",2.2,3.387,images/10.png,10,ZG,0.761194029851,79,0.970750046469,1,3.11548605754,1,-0.0143353363517
11,value_rating,"[(None, 0.0), (1.7, 2.949), (1.7, 3.735)]",1.7,3.735,images/9.png,5,ZG,0.815789473684,50,0.158773504085,1,4.66775983763,2,-0.0143353363517
12,value_rating,"[(None, 0.0), (1.3, 1.034), (1.3, 1.738)]",1.3,1.738,images/2.png,2,ZG,0.818181818182,100,-0.254897148851,1,9.90846454017,0,-0.0143353363517
13,value_rating,"[(None, 0.0), (1.2, 1.35), (1.2, 2.039)]",1.2,2.039,images/6.png,4,ZG,0.841463414634,110,-0.487935942061,1,8.86296143461,0,-0.0143353363517
14,value_rating,"[(None, 0.0), (1.3, 2.867), (1.3, 4.003)]",1.3,4.003,images/9.png,5,ZG,0.815789473684,50,-0.241226495915,2,4.66775983763,2,-0.0143353363517
15,value_rating,"[(None, 0.0), (1.3, 1.35), (1.2, 1.42), (1.2, 2.939)]",1.2,2.939,images/3.png,9,ZG,0.764705882353,83,-0.0493178479204,2,1.11560484841,1,-0.0143353363517
16,value_rating,"[(None, 0.0), (1.2, 1.611), (1.2, 5.513)]",1.2,5.513,images/6.png,4,ZG,0.841463414634,110,-0.487935942061,2,8.86296143461,0,-0.0143353363517
17,value_rating,"[(None, 0.0), (1.2, 1.551), (1.2, 2.121)]",1.2,2.121,images/7.png,3,ZG,0.809523809524,109,-0.305422404891,2,9.72714822428,0,-0.0143353363517
18,value_rating,"[(None, 0.0), (0.7, 2.131), (0.7, 2.902)]",0.7,2.902,images/2.png,2,ZG,0.818181818182,100,-0.854897148851,2,9.90846454017,0,-0.0143353363517
19,value_rating,"[(None, 0.0), (0.8, 1.515), (0.8, 2.387)]",0.8,2.387,images/10.png,10,ZG,0.761194029851,79,-0.429249953531,2,3.11548605754,1,-0.0143353363517
20,value_rating,"[(None, 0.0), (0.8, 1.139), (0.8, 1.892)]",0.8,1.892,images/4.png,8,ZG,0.75,88,-0.365283540165,2,1.08503847794,1,-0.0143353363517
